#	COMANDOS					1 - Derecha a Izquierda					2 - Arriba a Izquierda					3 - Abajo a Izquierda			
	column_names				inc	1:*	1:2	1:1	1:3		2:*	2:2	2:1	2:3		3:*	3:2	3:1	3:3
#	level properties																		
	description	HP Rodri																	
	lives	20																	
	gold	175																	
	gems	150																	
	enemy_prefix	enemy_																	
	default_increment	1																	
	default_interval	20																	
#	expected gold	1200																	
#	stage total gold	1102																	
#	stage gold curve																		
#	WAVE 1																		
#	enemies					bandit_g6	blackguard	shadow_blades	shadow_archer_g6										
#	cant.					16	0	0	0										
#	gold	80				80	0	0	0										
	wave		1		-1														
																			
					0		bandit_g6		bandit_g6										
					0.8			bandit_g6											
					2.5				bandit_g6										
					0.6		bandit_g6												
					0.6			bandit_g6											
					5				bandit_g6				bandit_g6						
					0.6			bandit_g6				bandit_g6							
					0.6		bandit_g6							bandit_g6					
					3.5								bandit_g6						
					0.6								bandit_g6						
					0.6							bandit_g6		bandit_g6					
																			
																			
																			
																			
#	15.4																		
#	WAVE 2																		
#	enemies					bandit_g6	blackguard	shadow_blades	shadow_archer_g6										
#	cant.					22	0	0	0										
#	gold	110				110	0	0	0										
	wave		2		18														
					0		bandit_g6		bandit_g6				bandit_g6						
					0.6			bandit_g6											
					3		bandit_g6		bandit_g6			bandit_g6		bandit_g6					
					0.8			bandit_g6											
					0.6		bandit_g6		bandit_g6										
					6		bandit_g6					bandit_g6							
					0.8				bandit_g6				bandit_g6						
					0.6			bandit_g6						bandit_g6					
					3		bandit_g6												
					0.8				bandit_g6			bandit_g6							
					0.6			bandit_g6						bandit_g6					
																			
																			
																			
																			
#	16.8																		
#	WAVE 3																		
#	enemies					bandit_g6	blackguard	shadow_blades	shadow_archer_g6										
#	cant.					32	0	0	0										
#	gold	160				160	0	0	0										
	wave		3		22														
					0		bandit_g6		bandit_g6				bandit_g6						
					0.8			bandit_g6				bandit_g6							
					0.8			bandit_g6						bandit_g6					
					0.8		bandit_g6		bandit_g6				bandit_g6						
					0.8			bandit_g6				bandit_g6							
					6		bandit_g6						bandit_g6						
					0.6				bandit_g6			bandit_g6		bandit_g6					
					0.6		bandit_g6		bandit_g6			bandit_g6		bandit_g6					
					0.9			bandit_g6				bandit_g6		bandit_g6					
					6				bandit_g6				bandit_g6						
					0.6			bandit_g6				bandit_g6							
					0.6		bandit_g6					bandit_g6		bandit_g6					
					0.6									bandit_g6					
																			
#	19.1																		
#	WAVE 4																		
#	enemies					bandit_g6	blackguard	shadow_blades	shadow_archer_g6										
#	cant.					16	6	0	0										
#	gold	128				80	48	0	0										
	wave		4		20														
					0							bandit_g6		bandit_g6					
					0.6							bandit_g6		bandit_g6					
					0.6							bandit_g6		bandit_g6					
					0.6							bandit_g6		bandit_g6					
					3			blackguard											
					1		blackguard		blackguard										
					5							bandit_g6		bandit_g6					
					0.6							bandit_g6		bandit_g6					
					0.6							bandit_g6		bandit_g6					
					0.6							bandit_g6		bandit_g6					
					3			blackguard											
					1		blackguard		blackguard										
																			
#	16.6																		
#	WAVE 5																		
#	enemies					bandit_g6	blackguard	shadow_blades	shadow_archer_g6										
#	cant.					17	10	0	0										
#	gold	165				85	80	0	0										
	wave		5		27														
					0		blackguard		blackguard										
					1			blackguard											
					3							bandit_g6		bandit_g6					
					0.5							bandit_g6		bandit_g6					
					0.5								bandit_g6						
					0.5							bandit_g6		bandit_g6					
					0.5							bandit_g6		bandit_g6					
					5			blackguard											
					1		blackguard		blackguard										
					5								bandit_g6						
					0.6				blackguard					bandit_g6					
					0.6							bandit_g6							
					0.4			blackguard				bandit_g6							
					0.6									bandit_g6					
					0.4			blackguard						bandit_g6					
					0.6								bandit_g6						
					0.6		blackguard						bandit_g6						
																			
#	20.8																		
																			
																			
																			
																			
																			
																			
																			
																			
#	WAVE 6																		
#	enemies					bandit_g6	blackguard	shadow_blades	shadow_archer_g6										
#	cant.					28	18	0	0										
#	gold	284				140	144	0	0										
	wave		6		23														
					0							blackguard		blackguard					
					1								blackguard						
					2			blackguard				blackguard		blackguard					
					0.5		bandit_g6		bandit_g6										
					3			blackguard					blackguard						
					0.5		bandit_g6		bandit_g6										
					1.5							blackguard		blackguard					
					6							bandit_g6		bandit_g6					
					0.6							bandit_g6		bandit_g6					
					0.6							bandit_g6		bandit_g6					
					0.6							bandit_g6		bandit_g6					
					0.6							bandit_g6		bandit_g6					
					0.6							bandit_g6		bandit_g6					
					5				bandit_g6			blackguard		blackguard					
					0.5		bandit_g6					bandit_g6		bandit_g6					
					1.5			blackguard				blackguard		blackguard					
					0.5		bandit_g6		bandit_g6			bandit_g6		bandit_g6					
					0.5		bandit_g6		bandit_g6			bandit_g6		bandit_g6					
					1			blackguard				blackguard		blackguard					
																			
																			
#	26.5																		
