#	COMANDOS					1 - Derecha a Izquierda por Arriba					2 - Derecha a Izquierda por Abajo					3 - Abajo Derecha a Izquierda por Abajo					4 - Abajo Centro a Izquierda por Abajo					5 - Abajo Izquierda a Izquierda					6 - Abajo Derecha a Izquierda por Arriba					7 - Derecha Arriba a Izquierda por Arriba					8 - Derecha Arriba a Izquierda por Arriba			
	column_names				inc	1:*	1:2	1:1	1:3		2:*	2:2	2:1	2:3		3:*	3:2	3:1	3:3		4:*	4:2	4:1	4:3		5:*	5:2	5:1	5:3		6:*	6:2	6:1	6:3		7:*	7:2	7:1	7:3		8:*	8:2	8:1	8:3
#	level properties																																											
	description	NH Rodri																																										
	lives	20																																										
	gold	1000																																										
	gems	150																																										
	enemy_prefix	enemy_																																										
	default_increment	1																																										
	default_interval	20																																										
#	expected gold	1200																																										
#	stage total gold	2438																																										
#	stage gold curve																																											
#	WAVE 2					T. Champion x3 T. Warrior x20																																						
#	enemies					troll_warrior	troll_champion_g6	troll_glider	troll_crusher		frost_icecaller																																	
#	cant.					20	3	0	0		0	0	0	0		0	0	0	0		0	0	0																					
#	gold	250				160	90	0	0		0	0	0	0		0	0	0	0		0	0	0																					
	wave		1		-1																																							
					0		troll_warrior		troll_warrior																																			
					1		troll_warrior		troll_warrior																																			
					0			troll_champion_g6																																				
					0																																							
					12		troll_warrior		troll_warrior																																			
					1		troll_warrior		troll_warrior																																			
					1		troll_warrior		troll_warrior																																			
					0																																							
					12		troll_warrior		troll_warrior																																			
					0			troll_champion_g6																																				
					1		troll_warrior		troll_warrior																																			
					12		troll_warrior		troll_warrior																																			
					1		troll_warrior		troll_warrior																																			
					1		troll_warrior		troll_warrior																																			
					0			troll_champion_g6																																				
																																												
																																												
																																												
																																												
																																												
																																												
																																												
																																												
																																												
																																												
																																												
																																												
																																												
																																												
																																												
																																												
																																												
																																												
																																												
																																												
																																												
																																												
																																												
																																												
																																												
																																												
																																												
																																												
																																												
																																												
																																												
																																												
																																												
#	WAVE 3					T. Champion x5					T. Warrior x15																																	
#	enemies					troll_warrior	troll_champion_g6	troll_glider	troll_crusher		frost_icecaller																																	
#	cant.					15	5	0	0		0	0	0	0		0	0	0	0		0	0	0																					
#	gold	270				120	150	0	0		0	0	0	0		0	0	0	0		0	0	0																					
	wave		2		28																																							
					0							troll_warrior																																
					1								troll_warrior																															
					1							troll_warrior																																
					1								troll_warrior																															
					1							troll_warrior																																
					0		troll_champion_g6																																					
					2				troll_champion_g6																																			
					6								troll_warrior																															
					1							troll_warrior																																
					1							troll_warrior																																
					1								troll_warrior																															
					1							troll_warrior																																
					11			troll_champion_g6																																				
					2		troll_champion_g6																																					
					2				troll_champion_g6																																			
					10							troll_warrior																																
					1							troll_warrior																																
					1								troll_warrior																															
					1								troll_warrior																															
					1							troll_warrior																																
																																												
																																												
																																												
																																												
																																												
																																												
																																												
																																												
																																												
																																												
																																												
																																												
																																												
																																												
																																												
																																												
																																												
																																												
																																												
																																												
																																												
																																												
																																												
																																												
																																												
																																												
																																												
																																												
																																												
																																												
																																												
																																												
#	WAVE 5																				T. Warrior x										T. Warrior x					T. Champion x4								
#	enemies					troll_warrior	troll_champion_g6	troll_glider	troll_crusher		frost_icecaller																																	
#	cant.					36	4	0	0		0	0	0	0		0	0	0	0		0	0	0			0	0	0			0	0	0			0	0	0						
#	gold	408				288	120	0	0		0	0	0	0		0	0	0	0		0	0	0			0	0	0			0	0	0			0	0	0						
	wave		3		22																																							
					0																																	troll_champion_jumper_stage_09						
					0																										troll_warrior													
					1																										troll_warrior													
					1																										troll_warrior													
					1																										troll_warrior													
					0																																	troll_champion_jumper_stage_09						
					2.5																										troll_warrior													
					1																										troll_warrior													
					1																										troll_warrior													
					1																										troll_warrior													
					1																troll_warrior																							
					2																troll_warrior																							
					1																troll_warrior																							
					1																troll_warrior																							
					3																troll_warrior																							
					1																troll_warrior																							
					1																troll_warrior																							
					1																troll_warrior																							
					6																troll_warrior																							
					0																																	troll_champion_jumper_stage_09						
					1																troll_warrior																							
					1																troll_warrior																							
					1																troll_warrior																							
					0																																	troll_champion_jumper_stage_09						
					3																troll_warrior										troll_warrior													
					1																troll_warrior										troll_warrior													
					1																troll_warrior										troll_warrior													
					1																troll_warrior										troll_warrior													
					1																troll_warrior										troll_warrior													
					1																troll_warrior										troll_warrior													
					1																										troll_warrior													
					1																										troll_warrior													
					1																										troll_warrior													
					1																										troll_warrior													
																																												
																																												
																																												
																																												
																																												
																																												
																																												
																																												
																																												
																																												
																																												
																																												
#	WAVE 8																				T. Warrior x12					T. Warrior x12					T. Warrior x12					T. Champion x8								
#	enemies					troll_warrior	troll_champion_g6	troll_glider	troll_crusher		frost_icecaller																																	
#	cant.					30	9	0	0		0	0	0	0		0	0	0	0		0	0	0			0	0	0			0	0	0			0	0	0						
#	gold	510				240	270	0	0		0	0	0	0		0	0	0	0		0	0	0			0	0	0			0	0	0			0	0	0						
	wave		4		25																																							
					0																										troll_warrior							troll_champion_jumper_stage_09						
					1																										troll_warrior													
					1.5																										troll_warrior													
					1																					troll_warrior					troll_warrior							troll_champion_jumper_stage_09						
					1																					troll_warrior					troll_warrior													
					1																					troll_warrior																		
					1.5																troll_warrior					troll_warrior												troll_champion_jumper_stage_09						
					1																troll_warrior					troll_warrior																		
					1																troll_warrior																							
					1.5																troll_warrior																							
					1																troll_warrior																							
					0																																							
					2																																	troll_champion_jumper_stage_09						
					6																																	troll_champion_jumper_stage_09						
					9																										troll_warrior							troll_champion_jumper_stage_09						
					1																										troll_warrior													
					1																										troll_warrior													
					1.5																troll_warrior										troll_warrior													
					1																troll_warrior										troll_warrior													
					1																troll_warrior					troll_warrior																		
					1																troll_warrior					troll_warrior												troll_champion_jumper_stage_09						
					1																troll_warrior					troll_warrior																		
					1																					troll_warrior																		
					1																					troll_warrior																		
					0																																							
					3																																	troll_champion_jumper_stage_09						
					6																																	troll_champion_jumper_stage_09						
																																												
																																												
																																												
																																												
																																												
																																												
																																												
																																												
																																												
																																												
																																												
																																												
																																												
																																												
																																												
																																												
																																												
																																												
																																												
																																												
#	WAVE 12																				T. Warrior x10					T. Warrior x10																		
#	enemies					troll_warrior	troll_champion_g6	troll_glider	troll_crusher		frost_icecaller																																	
#	cant.					10	8	0	0		1	0	0	0		0	0	0	0		0	0	0			0	0	0			0	0	0			0	0	0						
#	gold	400				80	240	0	0		80	0	0	0		0	0	0	0		0	0	0			0	0	0			0	0	0			0	0	0						
	wave		5		25																																							
					0							troll_champion_g6		troll_champion_g6																														
					2								frost_icecaller																															
					2							troll_champion_g6		troll_champion_g6																														
					5																troll_warrior					troll_warrior												troll_champion_jumper_stage_09						
					1																troll_warrior					troll_warrior																		
					1																troll_warrior					troll_warrior												troll_champion_jumper_stage_09						
					1																troll_warrior					troll_warrior																		
					1																troll_warrior					troll_warrior																		
					10																troll_warrior																							
					1																troll_warrior																							
					1																troll_warrior																	troll_champion_jumper_stage_09						
					1																troll_warrior																							
					1																troll_warrior																	troll_champion_jumper_stage_09						
					6																					troll_warrior																		
					1																					troll_warrior																		
					1																					troll_warrior																		
					1																					troll_warrior																		
					1																					troll_warrior																		
																																												
																																												
																																												
																																												
																																												
																																												
																																												
																																												
																																												
																																												
																																												
																																												
																																												
																																												
																																												
#	WAVE 15					Crusher x1 F. Herald x1					F. Herald x1					T. Warrior x															T. Warrior x					Glider x								
#	enemies					troll_warrior	troll_champion_g6	troll_glider	troll_crusher		frost_icecaller																																	
#	cant.					36	0	9	1		2	0	0	0		0	0	0	0		0	0	0			0	0	0			0	0	0			0	0	0						
#	gold	614				288	0	36	130		160	0	0	0		0	0	0	0		0	0	0			0	0	0			0	0	0			0	0	0						
	wave		6		25																																							
					0			troll_crusher																																				
					2												troll_warrior																											
					1														troll_warrior																									
					1												troll_warrior																											
					1														troll_warrior																									
					1												troll_warrior																											
					1														troll_warrior																									
					1												troll_warrior																			troll_glider								
					1																															troll_glider								
																																												
					1.5																															troll_glider								
					1.5																															troll_glider								
					1.5																										troll_warrior													
					1																										troll_warrior													
					1																										troll_warrior													
					1																										troll_warrior													
					2																										troll_warrior													
					1																										troll_warrior													
					1																										troll_warrior													
					1																										troll_warrior													
					5				frost_icecaller																																			
					3							frost_icecaller									troll_warrior																						troll_glider	
					1																troll_warrior																						troll_glider	
					1																troll_warrior																							
					1																troll_warrior																						troll_glider	
					1																troll_warrior																							
					1																troll_warrior																							
					0																										troll_warrior													
					1																										troll_warrior													
					1																										troll_warrior													
					1																										troll_warrior													
					0																																							
					2																										troll_warrior					troll_glider								
					1																troll_warrior										troll_warrior					troll_glider								
					1																troll_warrior										troll_warrior					troll_glider								
					1																troll_warrior										troll_warrior					troll_glider								
					1																troll_warrior															troll_glider								
					1																troll_warrior																							
					1																troll_warrior																							
					1																troll_warrior																							
