#	COMANDOS					1 - Derecha-Arriba a Izquierda-Arriba					2 - Derecha-Arriba a Izquierda-Abajo					3 - Derecha-Abajo a Izquierda-Arriba					4 - Derecha-Abajo a Izquierda-abajo					5 - Abajo a Izquierda-Abajo					6- Dark Knights to Fort
	column_names				inc	1:*	1:2	1:1	1:3		2:*	2:2	2:1	2:3		3:*	3:2	3:1	3:3		4:*	4:2	4:1	4:3		5:*	5:2	5:1	5:3		6:*	6:2	6:1	6:3
#	level properties
	description	Blitz Rodri
	lives	20
	gold	1400
	gems	150
	enemy_prefix	enemy_
	default_increment	1
	default_interval	20
#	expected gold	-
#	stage total gold	3930
#	stage gold curve	-
#	WAVE 1 (5)				26.4	D. Knight x4										D. Disciple x
S. Archer x															D. Knight x1
#	enemies					shadow_archer_g6	gargoyle_g6	tainted_wolf	brigand_g6		dark_sapper	necromancer_g6	dark_disciple	death_rider		dark_knight_g6	dark_slayer
#	cant.					8	0	0	0		0	0	2	0		3	0
#	gold	360				120	0	0	0		0	0	60	0		180	0	0
	wave		1		-1
					2				dark_knight_g6
					1.2		dark_knight_g6
					4													dark_disciple
	event	duel_call			0
					1												shadow_archer_g6
					1.2														shadow_archer_g6
					1.4												shadow_archer_g6
					1.2														shadow_archer_g6
					8				dark_knight_g6
					1.2		dark_knight_g6
					4														shadow_archer_g6
					1.2												shadow_archer_g6
					0																												dark_knight_g6
					2													dark_disciple
					1														shadow_archer_g6
					0.2												shadow_archer_g6













#	WAVE 2 (11)				33.3
#	enemies					shadow_archer_g6	gargoyle_g6	tainted_wolf	brigand_g6		dark_sapper	necromancer_g6	dark_disciple	death_rider		dark_knight_g6	dark_slayer
#	cant.					0	0	0	10		4	0	0	0		6	0
#	gold	680				0	0	0	200		120	0	0	0		360	0	0
	wave		2		27
					1.2		dark_knight_g6
					1.2				dark_knight_g6
					1.2																												dark_knight_g6
					2							dark_sapper
					1.2																						brigand_g6
					0.1																								brigand_g6
					1.3																						brigand_g6		brigand_g6
					1.2																							brigand_g6
					6									dark_sapper
					2			dark_knight_g6
					1.2		dark_knight_g6
					5																													dark_knight_g6

	event	duel_call			1
					2							dark_sapper
					2									dark_sapper
					2																						brigand_g6
					0.2																								brigand_g6
					1.3																						brigand_g6		brigand_g6
					1.2																							brigand_g6








#	WAVE 3 (15)				61.5
#	enemies					shadow_archer_g6	gargoyle_g6	tainted_wolf	brigand_g6		dark_sapper	necromancer_g6	dark_disciple	death_rider		dark_knight_g6	dark_slayer
#	cant.					0	0	10	8		0	0	3	0		13	2
#	gold	1490				0	0	140	160		0	0	90	0		780	320
	wave		3		28
					0			dark_slayer
	event	duel_call			2
					2		dark_knight_g6		dark_knight_g6
					3																													dark_knight_g6
					0.5		dark_knight_g6
					8																			tainted_wolf
					0.4																	tainted_wolf
					1.5																	tainted_wolf		tainted_wolf
					1																		dark_disciple
	event	duel_call			2
					0.8																							dark_disciple
					2																						brigand_g6		brigand_g6
					1.5																						brigand_g6		brigand_g6

					7		dark_knight_g6		dark_knight_g6
					1.2																												dark_knight_g6
					4																	tainted_wolf
					0.8																			tainted_wolf
					1.2																			tainted_wolf
					0.8																	tainted_wolf
					1.2																	tainted_wolf
					0.8																			tainted_wolf
	event	duel_call			2
					1			dark_slayer
					6		dark_knight_g6
					0.4				dark_knight_g6
					1.8																												dark_knight_g6
					2		dark_knight_g6		dark_knight_g6
					1.8																											dark_knight_g6
					1.2																						brigand_g6		brigand_g6
					1.2																							dark_disciple
					1.2																						brigand_g6		brigand_g6
					1.2

