#	COMANDOS					1 - Izquierda a Derecha					2 - Izquierda a Arriba					3 - Abajo a Arriba					4 - Abajo a Derecha					5 - Cementerio a Arriba
	column_names				inc	1:*	1:2	1:1	1:3		2:*	2:2	2:1	2:3		3:*	3:2	3:1	3:3		4:*	4:2	4:1	4:3		5:*	5:2	5:1	5:3
#	level properties
	description	KR1 Rodri
	lives	20
	gold	1300
	gems	150
	enemy_prefix	enemy_
	default_increment	1
	default_interval	20
#	expected gold	1200
#	stage total gold	2766
#	stage gold curve
#	WAVE 1																				Brigand x6
#	enemies					skeleton_g6	gargoyle_g6	brigand_g6	shadow_archer_g6		dark_sapper	exalted_crowcaller	exalted_crow	dark_disciple		dark_knight_g6	dark_slayer	death_rider	nercromancer		dark_construct	darkling	cloud_of_crows_shadow_archer	cloud_of_crows_dark_sapper
#	cant.					0	0	6	0		0	0	0	0		0	0	0	0		0	0	0	0
#	gold	90				0	0	90	0		0	0	0	0		0	0	0	0		0	0	0	0
	wave		1		-1
					0			brigand_g6
					1.2		brigand_g6
					1.2				brigand_g6
					6				brigand_g6
					1.2		brigand_g6
					1.2			brigand_g6












































#	WAVE 2										Archer x4					Brigand x6
#	enemies					skeleton_g6	gargoyle_g6	brigand_g6	shadow_archer_g6		dark_sapper	exalted_crowcaller	exalted_crow	dark_disciple		dark_knight_g6	dark_slayer	death_rider	nercromancer		dark_construct	darkling	cloud_of_crows_shadow_archer	cloud_of_crows_dark_sapper
#	cant.					0	0	6	4		0	0	0	0		0	0	0	0		0	0	0	0
#	gold	146				0	0	90	56		0	0	0	0		0	0	0	0		0	0	0	0
	wave		2		20
					0						shadow_archer_g6
					1.5						shadow_archer_g6
					3						shadow_archer_g6						brigand_g6		brigand_g6
					1						shadow_archer_g6
					0.8													brigand_g6
					10												brigand_g6
					1.5														brigand_g6
					1.5													brigand_g6













































#	WAVE 3					Gargoyle x8
#	enemies					skeleton_g6	gargoyle_g6	brigand_g6	shadow_archer_g6		dark_sapper	exalted_crowcaller	exalted_crow	dark_disciple		dark_knight_g6	dark_slayer	death_rider	nercromancer		dark_construct	darkling	cloud_of_crows_shadow_archer	cloud_of_crows_dark_sapper
#	cant.					0	7	0	0		0	0	0	0		0	0	0	0		0	0	0	0
#	gold	210				0	210	0	0		0	0	0	0		0	0	0	0		0	0	0	0
	wave		3		20
					0	gargoyle_g6
					1	gargoyle_g6
					5	gargoyle_g6
					1	gargoyle_g6
					16	gargoyle_g6
					2	gargoyle_g6
					1.5	gargoyle_g6



















































#	WAVE 4										Brigand x8					Archer x8
#	enemies					skeleton_g6	gargoyle_g6	brigand_g6	shadow_archer_g6		dark_sapper	exalted_crowcaller	exalted_crow	dark_disciple		dark_knight_g6	dark_slayer	death_rider	nercromancer		dark_construct	darkling	cloud_of_crows_shadow_archer	cloud_of_crows_dark_sapper
#	cant.					0	0	4	8		0	0	0	0		0	0	0	0		0	0	0	0
#	gold	172				0	0	60	112		0	0	0	0		0	0	0	0		0	0	0	0
	wave		4		19
					0		brigand_g6
					1.2			brigand_g6
					1.2				brigand_g6
					1.2		brigand_g6
					0											shadow_archer_g6
					1.2											shadow_archer_g6
					1.2											shadow_archer_g6
					1.2											shadow_archer_g6
					10			brigand_g6
					1.2		brigand_g6		brigand_g6
					1.2			brigand_g6
					2											shadow_archer_g6
					1.2											shadow_archer_g6
					1.2											shadow_archer_g6
					1.2											shadow_archer_g6










































#	WAVE 5																				Brigand x Sapper x
#	enemies					skeleton_g6	gargoyle_g6	brigand_g6	shadow_archer_g6		dark_sapper	exalted_crowcaller	exalted_crow	dark_disciple		dark_knight_g6	dark_slayer	death_rider	nercromancer		dark_construct	darkling	cloud_of_crows_shadow_archer	cloud_of_crows_dark_sapper
#	cant.					0	0	9	0		1	0	0	0		0	0	0	0		0	0	0	0
#	gold	143				0	0	135	0		8	0	0	0		0	0	0	0		0	0	0	0
	wave		5		20
					0																	brigand_g6
					1.2																			brigand_g6
					0.5																		dark_sapper
					3																	brigand_g6
					1.2																			brigand_g6
					14																	brigand_g6
					0.2																			brigand_g6
					1.2																		brigand_g6
					3																	brigand_g6
					1.2																			brigand_g6














































#	WAVE 6					Sapper x1 Archer x4															Brigand x8
#	enemies					skeleton_g6	gargoyle_g6	brigand_g6	shadow_archer_g6		dark_sapper	exalted_crowcaller	exalted_crow	dark_disciple		dark_knight_g6	dark_slayer	death_rider	nercromancer		dark_construct	darkling	cloud_of_crows_shadow_archer	cloud_of_crows_dark_sapper
#	cant.					0	0	13	7		1	0	0	0		0	0	0	0		0	0	0	0
#	gold	301				0	0	195	98		8	0	0	0		0	0	0	0		0		0	0
	flags
	wave		6		23
					0			dark_sapper
					3																	brigand_g6
					1.2		shadow_archer_g6		shadow_archer_g6															brigand_g6
					3.5																	brigand_g6
					1.2				shadow_archer_g6															brigand_g6
					3.5																		brigand_g6
					1.1																	brigand_g6
					1.2																			brigand_g6
					9				shadow_archer_g6														brigand_g6
					1.2		shadow_archer_g6		shadow_archer_g6													brigand_g6
					1.3		shadow_archer_g6																	brigand_g6
					3																		brigand_g6
					1.3																	brigand_g6
					1.2																			brigand_g6

















































#	WAVE 7										Archer x8 Gargoyle x3					Archer x8 Gargoyle x3
#	enemies					skeleton_g6	gargoyle_g6	brigand_g6	shadow_archer_g6		dark_sapper	exalted_crowcaller	exalted_crow	dark_disciple		dark_knight_g6	dark_slayer	death_rider	nercromancer		dark_construct	darkling	cloud_of_crows_shadow_archer	cloud_of_crows_dark_sapper
#	cant.					0	6	0	16		0	0	0	0		0	0	0	0		0	0	0	0
#	gold	404				0	180	0	224		0	0	0	0		0	0	0	0		0	0	0	0
	wave		7		23
					0						shadow_archer_g6
					1.2						shadow_archer_g6
					1.3						shadow_archer_g6
					1.2						shadow_archer_g6
					6											shadow_archer_g6
					1.3											shadow_archer_g6
					1.1											shadow_archer_g6
					1.2											shadow_archer_g6
					4											gargoyle_g6
					1.2											gargoyle_g6
					1.2											gargoyle_g6
					8						shadow_archer_g6
					1.4						shadow_archer_g6
					1.2						shadow_archer_g6
					1.3						shadow_archer_g6
					2											shadow_archer_g6
					1.3											shadow_archer_g6
					1.2						gargoyle_g6					shadow_archer_g6
					1.4						gargoyle_g6					shadow_archer_g6
					1.2						gargoyle_g6







































#	WAVE 8										T. Wolf x8					T. Wolf x8
#	enemies					skeleton_g6	gargoyle_g6	brigand_g6	shadow_archer_g6		dark_sapper	exalted_crowcaller	exalted_crow	dark_disciple		dark_knight_g6	dark_slayer	death_rider	nercromancer		dark_construct	darkling	cloud_of_crows_shadow_archer	cloud_of_crows_dark_sapper
#	cant.					0	0	0	0		0	0	0	0		0	0	0	0		0	0	0	0
#	gold	0				0	0	0	0		0	0	0	0		0	0	0	0		0	0	0	0
	flags
	wave		8		18
					0											tainted_wolf
					0.9											tainted_wolf
					0.8											tainted_wolf
					0						tainted_wolf
					1						tainted_wolf
					1.1						tainted_wolf
					0.9						tainted_wolf
					8											tainted_wolf
					1.1											tainted_wolf
					0.9											tainted_wolf
					1											tainted_wolf
					0.8											tainted_wolf
					0						tainted_wolf
					0.8						tainted_wolf
					0.9						tainted_wolf
					1.1						tainted_wolf























#	WAVE 9					Brigand x8 S. Archer x6					Brigand x6 Sapper x1
#	enemies					skeleton_g6	gargoyle_g6	brigand_g6	shadow_archer_g6		dark_sapper	exalted_crowcaller	exalted_crow	dark_disciple		dark_knight_g6	dark_slayer	death_rider	nercromancer		dark_construct	darkling	cloud_of_crows_shadow_archer	cloud_of_crows_dark_sapper
#	cant.					0	0	14	6		1	0	0	0		0	0	0	0		0	0	0	0
#	gold	302				0	0	210	84		8	0	0	0		0	0	0	0		0	0	0	0
	wave		9		16
					0							brigand_g6
					1.2									brigand_g6
					1.2								brigand_g6
					2								dark_sapper
					7		brigand_g6		brigand_g6
					1.5		brigand_g6		brigand_g6
					3			shadow_archer_g6
					1.2		shadow_archer_g6
					1.2				shadow_archer_g6
					5							brigand_g6		brigand_g6
					1.2								brigand_g6
					8		shadow_archer_g6
					1.2			shadow_archer_g6
					1.2				shadow_archer_g6
					3			brigand_g6
					1.5		brigand_g6		brigand_g6
					1.5			brigand_g6





































#	WAVE 10					T. Wolf x8															Brigand x12 Archer x4
#	enemies					skeleton_g6	gargoyle_g6	brigand_g6	shadow_archer_g6		dark_sapper	exalted_crowcaller	exalted_crow	dark_disciple		dark_knight_g6	dark_slayer	death_rider	nercromancer		dark_construct	darkling	cloud_of_crows_shadow_archer	cloud_of_crows_dark_sapper
#	cant.					0	0	12	4		0	0	0	0		0	0	0	0		0	0	0	0
#	gold	236				0	0	180	56		0	0	0	0		0	0	0	0		0	0	0	0
	wave		10		18
					0																		brigand_g6
					1.2																	brigand_g6		brigand_g6
					1.3																	brigand_g6		brigand_g6
					1.1																		brigand_g6
					3																	shadow_archer_g6		shadow_archer_g6
					6	tainted_wolf
					0.9	tainted_wolf
					1	tainted_wolf
					4	tainted_wolf
					1	tainted_wolf
					1.2	tainted_wolf
					0.8	tainted_wolf
					6																	brigand_g6
					1.2																			brigand_g6
					1.3																			brigand_g6
					3																	brigand_g6
					1.2																	brigand_g6
					1.1																			brigand_g6
					2																	shadow_archer_g6
					1.3																		shadow_archer_g6















#	WAVE 11					(Gargoyle x6) S. Archer x6										Sapper x2					Brigand x12
#	enemies					skeleton_g6	gargoyle_g6	brigand_g6	shadow_archer_g6		dark_sapper	exalted_crowcaller	exalted_crow	dark_disciple		dark_knight_g6	dark_slayer	death_rider	nercromancer		dark_construct	darkling	cloud_of_crows_shadow_archer	cloud_of_crows_dark_sapper
#	cant.					0	0	12	6		1	0	0	0		0	0	0	0		0	0	0	0
#	gold	272				0	0	180	84		8	0	0	0		0	0	0	0		0	0	0	0
	wave		11		19
					0													dark_sapper
					3																	brigand_g6
					1.2																			brigand_g6
					1.5																			brigand_g6
					1.2																	brigand_g6
					0	shadow_archer_g6
					1.2	shadow_archer_g6
					1.2	shadow_archer_g6
					6																brigand_g6
					1.2																brigand_g6
					1.2																brigand_g6
					1.2																brigand_g6
					0	shadow_archer_g6
					1.2	shadow_archer_g6
					1.2	shadow_archer_g6
					1													dark_sapper
					3																	brigand_g6
					1.2																			brigand_g6
					1.2																	brigand_g6
					1.2																			brigand_g6

































#	WAVE 12					Brigand x10										Brigand x10 S. Archer x8
#	enemies					skeleton_g6	gargoyle_g6	brigand_g6	shadow_archer_g6		dark_sapper	exalted_crowcaller	exalted_crow	dark_disciple		dark_knight_g6	dark_slayer	death_rider	nercromancer		dark_construct	darkling	cloud_of_crows_shadow_archer	cloud_of_crows_dark_sapper
#	cant.					0	0	20	8		0	0	0	0		0	0	0	0		0	0	0	0
#	gold	412				0	0	300	112		0	0	0	0		0	0	0	0		0	0	0	0
	wave		12		18
					0		brigand_g6
					1.2			brigand_g6
					1.2		brigand_g6											brigand_g6
					1.2			brigand_g6											brigand_g6
					1.2													brigand_g6
					1.2														brigand_g6
					1											shadow_archer_g6
					1.2											shadow_archer_g6
					2											shadow_archer_g6
					1.2											shadow_archer_g6
					8													brigand_g6
					1.2												brigand_g6		brigand_g6
					1.2												brigand_g6		brigand_g6
					1.2													brigand_g6
					2			brigand_g6								shadow_archer_g6
					1.2		brigand_g6		brigand_g6							shadow_archer_g6
					2			brigand_g6								shadow_archer_g6
					1.2		brigand_g6		brigand_g6							shadow_archer_g6






















#	WAVE 13										T. Wolf  x10					Gargoyle x10
#	enemies					skeleton_g6	gargoyle_g6	brigand_g6	shadow_archer_g6		dark_sapper	exalted_crowcaller	exalted_crow	dark_disciple		dark_knight_g6	dark_slayer	death_rider	nercromancer		dark_construct	darkling	cloud_of_crows_shadow_archer	cloud_of_crows_dark_sapper
#	cant.					0	13	0	0		0	0	0	0		0	0	0	0		0	0	0	0
#	gold	390				0	390	0	0		0	0	0	0		0	0	0	0		0	0	0	0
	wave		13		18
					0						tainted_wolf
					1						tainted_wolf
					0.9						tainted_wolf
					1.1						tainted_wolf
					2.5											gargoyle_g6
					1.1											gargoyle_g6
					1.2											gargoyle_g6
					2.5																gargoyle_g6
					1.1																gargoyle_g6
					1																gargoyle_g6
					6						tainted_wolf
					0.8						tainted_wolf
					0.9						tainted_wolf
					1.5						tainted_wolf
					0.9						tainted_wolf
					1						tainted_wolf
					3.5											gargoyle_g6
					0.9											gargoyle_g6
					1.1											gargoyle_g6
					1.2											gargoyle_g6
					2.5																gargoyle_g6
					1.1																gargoyle_g6
					1																gargoyle_g6














#	WAVE 14					T. Wolf x13															T. Wolf x13
#	enemies					skeleton_g6	gargoyle_g6	brigand_g6	shadow_archer_g6		dark_sapper	exalted_crowcaller	exalted_crow	dark_disciple		dark_knight_g6	dark_slayer	death_rider	nercromancer		dark_construct	darkling	cloud_of_crows_shadow_archer	cloud_of_crows_dark_sapper
#	cant.					0	0	0	0		0	0	0	0		0	0	0	0		0	0	0	0
#	gold	0				0	0	0	0		0	0	0	0		0	0	0	0		0	0	0	0
	wave		14		16
					0																tainted_wolf
					1.1																tainted_wolf
					0.9																tainted_wolf
					2																tainted_wolf
					1.2																tainted_wolf
					0	tainted_wolf
					0.9	tainted_wolf
					1	tainted_wolf
					1.1	tainted_wolf
					6	tainted_wolf
					1.1	tainted_wolf
					0.9	tainted_wolf
					1	tainted_wolf
					3																tainted_wolf
					0.9																tainted_wolf
					1																tainted_wolf
					1.1																tainted_wolf
					3																tainted_wolf
					1.1																tainted_wolf
					1																tainted_wolf
					0.9																tainted_wolf
					0	tainted_wolf
					0.9	tainted_wolf
					1	tainted_wolf
					1.2	tainted_wolf
					1.1	tainted_wolf




































#	WAVE 15					Brigand x12					Sapper x2					Gargoyle x8					Sapper x2 Brigand x12
#	enemies					skeleton_g6	gargoyle_g6	brigand_g6	shadow_archer_g6		dark_sapper	exalted_crowcaller	exalted_crow	dark_disciple		dark_knight_g6	dark_slayer	death_rider	nercromancer		dark_construct	darkling	tainted_wolf	cloud_of_crows_dark_sapper		skeleton_golem
#	cant.					27	0	12	0		4	0	0	0		0	0	0	0		0	0	15	0		4
#	gold	684				54	0	180	0		120	0	0	0		0	0	0	0		0	0	210	0		120
	wave		15		20
					0		brigand_g6
					1.2			brigand_g6
					1.2				brigand_g6
					4																		dark_sapper
					2			brigand_g6
					1.3		brigand_g6		brigand_g6															tainted_wolf
					1.2			brigand_g6													tainted_wolf
					1.2																tainted_wolf
					4								dark_sapper
					0												tainted_wolf
					1.2											tainted_wolf
					1.2											tainted_wolf
					2																		dark_sapper
					8								dark_sapper
					6																			tainted_wolf
					1.1																tainted_wolf
					1.2																tainted_wolf
					0		brigand_g6		brigand_g6
					1.4		brigand_g6
					0.2				brigand_g6
					1.4			brigand_g6
					14												tainted_wolf
					1.2											tainted_wolf
					1.1											tainted_wolf
					4																			tainted_wolf
					1.1																tainted_wolf
					1.2																tainted_wolf

