VERSION,2
comic_2_1,16,"comic_2_image_2_1_.png",265.05,146.85,1,1,0,0,0.49995,0.5,0
TEXT,COMIC_2_1_KR6,comic_2_1,21.85,10.3,261.9,74.2,0,0,0,0,0,center,19
TEXT,COMIC_2_2_KR6,comic_2_1,302.35,16.25,178.05,74.2,0,0,0,0,0,center,19
comic_2_1,37,"comic_2_image_2_1_.png",265.05,203.65,1,1,1,0,0.49995,0.5,0
TEXT,COMIC_2_1_KR6,comic_2_1,21.85,10.3,261.9,74.2,0,0,0,0,0,center,19
TEXT,COMIC_2_2_KR6,comic_2_1,302.35,16.25,178.05,74.2,0,0,0,0,0,center,19
comic_2_1,43,"comic_2_image_2_1_.png",265.05,196.15,1,1,1,0,0.49995,0.5,0
TEXT,COMIC_2_1_KR6,comic_2_1,21.85,10.3,261.9,74.2,0,0,0,0,0,center,19
TEXT,COMIC_2_2_KR6,comic_2_1,302.35,16.25,178.05,74.2,0,0,0,0,0,center,19
comic_2_2,75,"comic_2_image_2_2_.png",837.3,210.45,1,1,0,0,0.49996,0.5,0
TEXT,COMIC_2_3_KR6,comic_2_2,41.75,15.1,595.25,74.2,0,0,0,0,0,center,19
comic_2_2,116,"comic_2_image_2_2_.png",837.3,210.45,1,1,1,0,0.49996,0.5,0
TEXT,COMIC_2_3_KR6,comic_2_2,41.75,15.1,595.25,74.2,0,0,0,0,0,center,19
comic_2_3,155,"comic_2_image_2_3_.png",1238.65,199.7,1,1,0,0,0.5,0.5,0
comic_2_3,179,"comic_2_image_2_3_.png",1238.65,243.2,1,1,1,0,0.5,0.5,0
comic_2_3,186,"comic_2_image_2_3_.png",1238.65,240.2,1,1,1,0,0.5,0.5,0
comic_2_4,205,"comic_2_image_2_4_.png",187.35,588.75,1,1,0,0,0.49993,0.50007,0
comic_2_5,225,"comic_2_image_2_5_.png",496.1,595.3,1,1,0,0,0.5,0.50007,0
comic_2_4,238,"comic_2_image_2_4_.png",187.35,561.55,1,1,1,0,0.49993,0.50007,0
comic_2_6,245,"comic_2_image_2_6_.png",760.1,607.8,1,1,0,0,0.5,0.50007,0
comic_2_7,266,"comic_2_image_2_7_.png",422.8,415.45,1,1,0,0,0.5,0.50036,0
TEXT,COMIC_2_4_KR6,comic_2_7,14.15,9.3,682.2,50.8,0,0,0,0,0,center,19
comic_2_5,266,"comic_2_image_2_5_.png",496.1,562.3,1,1,1,0,0.5,0.50007,0
comic_2_6,283,"comic_2_image_2_6_.png",760.1,561.3,1,1,1,0,0.5,0.50007,0
comic_2_7,309,"comic_2_image_2_7_.png",422.8,415.45,1,1,1,0,0.5,0.50036,0
TEXT,COMIC_2_4_KR6,comic_2_7,14.15,9.3,682.2,50.8,0,0,0,0,0,center,19
comic_2_8,341,"comic_2_image_2_8_.png",1114.85,557.25,1.09393,1.09393,0,0,0.49994,0.5,0
TEXT,COMIC_2_5_KR6,comic_2_8,29.4,8.4,402.45,50.8,0,0,0,0,0,center,19
comic_2_8,368,"comic_2_image_2_8_.png",1114.85,557.25,0.98076,0.98076,1,0,0.49994,0.5,0
TEXT,COMIC_2_5_KR6,comic_2_8,29.4,8.4,402.45,50.8,0,0,0,0,0,center,19
comic_2_8,374,"comic_2_image_2_8_.png",1114.85,557.25,1,1,1,0,0.49994,0.5,0
TEXT,COMIC_2_5_KR6,comic_2_8,29.4,8.4,402.45,50.8,0,0,0,0,0,center,19
continue1,385,"comic_2_image_continue_bg_.png",1161.55,706.85,1,1,0,0,0.5,0.5,0.09506
TEXT,CINEMATICS_TAP_TO_CONTINUE,continue1,5.4,5.1,339.1,55.55,0,0,0,0,0,center,28
continue1,408,"comic_2_image_continue_bg_.png",1161.55,706.85,1,1,1,0,0.5,0.5,0.09506
TEXT,CINEMATICS_TAP_TO_CONTINUE,continue1,5.4,5.1,339.1,55.55,0,0,0,0,0,center,28
PAGE_END,409
comic_2_9,423,"comic_2_image_2_9_.png",205.7,210.4,1.12465,1.12465,0,0,0.50446,0.49826,0
TEXT,COMIC_2_6_KR6,comic_2_9,11.1,13.65,229.95,77.8,0,0,0,0,0,center,20
comic_2_9,452,"comic_2_image_2_9_.png",205.7,210.4,0.97093,0.97093,1,0,0.50446,0.49826,0
TEXT,COMIC_2_6_KR6,comic_2_9,11.1,13.65,229.95,77.8,0,0,0,0,0,center,20
comic_2_9,459,"comic_2_image_2_9_.png",205.7,210.4,1,1,1,0,0.50446,0.49826,0
TEXT,COMIC_2_6_KR6,comic_2_9,11.1,13.65,229.95,77.8,0,0,0,0,0,center,20
comic_2_10,480,"comic_2_image_2_10_.png",459.05,209.75,1,1,0,0,0.49989,0.5,0
TEXT,COMIC_2_7_KR6,comic_2_10,28.4,9.3,196.3,102.4,0,0,0,0,0,center,20
comic_2_10,517,"comic_2_image_2_10_.png",459.05,209.75,1,1,1,0,0.49989,0.5,0
TEXT,COMIC_2_7_KR6,comic_2_10,28.4,9.3,196.3,102.4,0,0,0,0,0,center,20
comic_2_11,537,"comic_2_image_2_11_.png",658,164.5,1,1,0,0,0.5,0.50007,0
TEXT,COMIC_2_8_KR6,comic_2_11,5.95,7.35,159.55,77.8,0,0,0,0,0,center,20
comic_2_11,569,"comic_2_image_2_11_.png",658,209.5,1,1,1,0,0.5,0.50007,0
TEXT,COMIC_2_8_KR6,comic_2_11,5.95,7.35,159.55,77.8,0,0,0,0,0,center,20
comic_2_12,593,"comic_2_image_2_12_.png",1020.75,209.6,1.09576,1.09576,0,0,0.49852,0.49841,0
TEXT,COMIC_2_9_KR6,comic_2_12,13,14.2,144,53.2,0,0,0,0,0,center,20
TEXT,COMIC_2_10_KR6,comic_2_12,212.25,9.2,227.55,74.2,0,0,0,0,0,center,19
TEXT,COMIC_2_11_KR6,comic_2_12,394.4,83.7,144.15,50.8,0,0,0,0,0,center,19
comic_2_12,607,"comic_2_image_2_12_.png",1020.75,209.6,0.98198,0.98198,1,0,0.49852,0.49841,0
TEXT,COMIC_2_9_KR6,comic_2_12,13,14.2,144,53.2,0,0,0,0,0,center,20
TEXT,COMIC_2_10_KR6,comic_2_12,212.25,9.2,227.55,74.2,0,0,0,0,0,center,19
TEXT,COMIC_2_11_KR6,comic_2_12,394.4,83.7,144.15,50.8,0,0,0,0,0,center,19
comic_2_12,613,"comic_2_image_2_12_.png",1020.75,209.6,1,1,1,0,0.49852,0.49841,0
TEXT,COMIC_2_9_KR6,comic_2_12,13,14.2,144,53.2,0,0,0,0,0,center,20
TEXT,COMIC_2_10_KR6,comic_2_12,212.25,9.2,227.55,74.2,0,0,0,0,0,center,19
TEXT,COMIC_2_11_KR6,comic_2_12,394.4,83.7,144.15,50.8,0,0,0,0,0,center,19
comic_2_13a,649,"comic_2_image_2_13a_.png",96.5,552.5,1,1,0,50,0.43473,0.49804,0
comic_2_13a,675,"comic_2_image_2_13a_.png",119.55,552.5,1,1,1,0,0.43473,0.49804,0
comic_2_13,707,"comic_2_image_2_13_.png",345.9,552.75,1.06146,1.06146,0,0,0.5,0.49698,0
TEXT,COMIC_2_12_KR6,comic_2_13,170.7,7.1,146.65,50.8,0,0,0,0,0,center,19
comic_2_13,720,"comic_2_image_2_13_.png",346,552.9,0.97464,0.97464,0.83,0,0.5,0.49698,0
TEXT,COMIC_2_12_KR6,comic_2_13,170.7,7.1,146.65,50.8,0,0,0,0,0,center,19
comic_2_13,728,"comic_2_image_2_13_.png",346,552.9,1,1,1,0,0.5,0.49698,0
TEXT,COMIC_2_12_KR6,comic_2_13,170.7,7.1,146.65,50.8,0,0,0,0,0,center,19
comic_2_14,756,"comic_2_image_2_14_.png",596.65,569.75,1,1,0,0,0.50031,0.50314,0
comic_2_14,783,"comic_2_image_2_14_.png",596.65,551.75,1,1,1,0,0.50031,0.50314,0
comic_2_15,784,"comic_2_image_2_15_.png",768.15,574.55,1,1,0,0,0.50557,0.5016,0
comic_2_15,815,"comic_2_image_2_15_.png",768.15,551.55,1,1,1,0,0.50557,0.5016,0
comic_2_16,816,"comic_2_image_2_16_.png",943.5,579.65,1,1,0,0,0.49986,0.50007,0
comic_2_16,845,"comic_2_image_2_16_.png",943.5,552.65,1,1,1,0,0.49986,0.50007,0
comic_2_17,847,"comic_2_image_2_17_.png",1164.9,553.05,1.20761,1.20761,0,0,0.49991,0.5,0
comic_2_17,864,"comic_2_image_2_17_.png",1164.9,553.1,0.98132,0.98132,0.83,0,0.49991,0.5,0
comic_2_17,869,"comic_2_image_2_17_.png",1164.9,553.05,1,1,1,0,0.49991,0.5,0
continue2,881,"comic_2_image_continue_bg_.png",1161.55,706.85,1,1,0,0,0.5,0.5,0.09506
TEXT,CINEMATICS_TAP_TO_CONTINUE,continue2,5.4,5.1,339.1,55.55,0,0,0,0,0,center,28
continue2,902,"comic_2_image_continue_bg_.png",1161.55,706.85,1,1,1,0,0.5,0.5,0.09506
TEXT,CINEMATICS_TAP_TO_CONTINUE,continue2,5.4,5.1,339.1,55.55,0,0,0,0,0,center,28
PAGE_END,903
ORDER,comic_2_1,comic_2_3,comic_2_2,comic_2_4,comic_2_5,comic_2_6,comic_2_7,comic_2_8,continue1,comic_2_9,comic_2_10,comic_2_11,comic_2_12,comic_2_13a,comic_2_13,comic_2_14,comic_2_15,comic_2_16,comic_2_17,continue2
